{
  "tasks": [
    {
      "ID": "1234",
      "name": "Liam",
      "task": "Sweeping",
      "date": "2021-03-03",
      "id": 1
    },
    {
      "ID": "2345",
      "name": "John",
      "task": "Baking",
      "date": "2021-03-05",
      "id": 2
    },
    {
      "ID": "3456",
      "name": "Gillian",
      "task": "Teaching",
      "date": "2021-03-31",
      "id": 3
    },
    {
      "ID": "6655",
      "name": "Fernando",
      "task": "Cleaning",
      "date": "2021-03-25",
      "id": 4
    }
  ]
}